-- phpMyAdmin SQL Dump
-- version 4.1.12
-- http://www.phpmyadmin.net
--
-- Servidor: 127.0.0.1
-- Tiempo de generación: 21-11-2014 a las 20:47:26
-- Versión del servidor: 5.6.16
-- Versión de PHP: 5.5.11

SET SQL_MODE = "NO_AUTO_VALUE_ON_ZERO";
SET time_zone = "+00:00";


/*!40101 SET @OLD_CHARACTER_SET_CLIENT=@@CHARACTER_SET_CLIENT */;
/*!40101 SET @OLD_CHARACTER_SET_RESULTS=@@CHARACTER_SET_RESULTS */;
/*!40101 SET @OLD_COLLATION_CONNECTION=@@COLLATION_CONNECTION */;
/*!40101 SET NAMES utf8 */;

--
-- Base de datos: `mercado`
--

-- --------------------------------------------------------

--
-- Estructura de tabla para la tabla `auto`
--

CREATE TABLE IF NOT EXISTS `auto` (
  `idauto` int(11) NOT NULL AUTO_INCREMENT,
  `ano` varchar(45) DEFAULT NULL,
  `transmision` varchar(45) DEFAULT NULL,
  `kilometros` varchar(45) DEFAULT NULL,
  `marca_auto_id` int(11) NOT NULL,
  `modelo_auto_id` int(11) NOT NULL,
  `version_auto_id` int(11) NOT NULL,
  `combustible_id` int(11) NOT NULL,
  `tipo_vehiculo_id` int(11) NOT NULL,
  PRIMARY KEY (`idauto`),
  KEY `fk_auto_marca_auto1_idx` (`marca_auto_id`),
  KEY `fk_auto_modelo_auto1_idx` (`modelo_auto_id`),
  KEY `fk_auto_version_auto1_idx` (`version_auto_id`),
  KEY `fk_auto_combustible1_idx` (`combustible_id`),
  KEY `fk_auto_tipo_vehiculo1_idx` (`tipo_vehiculo_id`)
) ENGINE=InnoDB  DEFAULT CHARSET=utf8 AUTO_INCREMENT=9 ;

--
-- Volcado de datos para la tabla `auto`
--

INSERT INTO `auto` (`idauto`, `ano`, `transmision`, `kilometros`, `marca_auto_id`, `modelo_auto_id`, `version_auto_id`, `combustible_id`, `tipo_vehiculo_id`) VALUES
(3, '2015', 'Automatico', '10000', 50, 724, 2, 3, 2),
(4, '2015', 'Manual', '15000', 50, 725, 3, 3, 2),
(5, '2015', 'Automatico', '15000', 25, 372, 2, 2, 2),
(6, '2015', 'Automatico', '10000', 13, 159, 3, 3, 4),
(7, '2014', 'Manual', '15000', 5, 40, 2, 2, 1),
(8, '2015', 'Manual', '15000', 18, 197, 1, 3, 3);

-- --------------------------------------------------------

--
-- Estructura de tabla para la tabla `aviso`
--

CREATE TABLE IF NOT EXISTS `aviso` (
  `idaviso` int(11) NOT NULL AUTO_INCREMENT,
  `nombre` varchar(45) DEFAULT NULL,
  `descripcion` text,
  `estado` varchar(45) DEFAULT NULL,
  `precio` varchar(45) DEFAULT NULL,
  `usuario_id` int(11) NOT NULL,
  `categoria_id` int(11) NOT NULL,
  `created` datetime DEFAULT NULL,
  `updated` datetime DEFAULT NULL,
  `empleo_id` int(11) DEFAULT NULL,
  `casa_id` int(11) DEFAULT NULL,
  `auto_id` int(11) DEFAULT NULL,
  `tipo_aviso_id` int(11) NOT NULL,
  PRIMARY KEY (`idaviso`),
  KEY `fk_aviso_usuario_idx` (`usuario_id`),
  KEY `fk_aviso_categoria1_idx` (`categoria_id`),
  KEY `fk_aviso_empleo1_idx` (`empleo_id`),
  KEY `fk_aviso_casa1_idx` (`casa_id`),
  KEY `fk_aviso_auto1_idx` (`auto_id`),
  KEY `fk_aviso_tipo_aviso1_idx` (`tipo_aviso_id`)
) ENGINE=InnoDB  DEFAULT CHARSET=utf8 AUTO_INCREMENT=11 ;

--
-- Volcado de datos para la tabla `aviso`
--

INSERT INTO `aviso` (`idaviso`, `nombre`, `descripcion`, `estado`, `precio`, `usuario_id`, `categoria_id`, `created`, `updated`, `empleo_id`, `casa_id`, `auto_id`, `tipo_aviso_id`) VALUES
(3, 'vendo auto', '<table border="1" cellpadding="1" cellspacing="1" style="width:500px">\n	<tbody>\n		<tr>\n			<td>awdawdad</td>\n			<td>wadwa</td>\n		</tr>\n		<tr>\n			<td>dawdadwad</td>\n			<td>wadwa</td>\n		</tr>\n		<tr>\n			<td>awdawd</td>\n			<td>dawd</td>\n		</tr>\n	</tbody>\n</table>\n\n<p>&nbsp;</p>\n', NULL, '10000', 7, 7, '2014-11-18 20:00:01', '2014-11-18 20:00:01', NULL, NULL, 3, 1),
(4, 'kia morning', '<p>vendo kia morning</p>\r\n', 'inactivo', '4500000', 7, 7, '2014-11-19 22:12:31', '2014-11-19 22:12:31', NULL, NULL, 4, 1),
(5, 'vendo daewoo pointer', '<p>vendo joya</p>\r\n', 'inactivo', '1500000', 7, 7, '2014-11-19 22:22:48', '2014-11-19 22:22:48', NULL, NULL, 5, 1),
(6, 'vendo auto', '<p>awdawda&nbsp;</p>\r\n', 'inactivo', '144433322', 7, 7, '2014-11-19 22:23:36', '2014-11-19 22:23:36', NULL, NULL, 6, 1),
(7, 'vendo auto', '<p>awdad awd</p>\r\n', 'inactivo', '3242', 7, 7, '2014-11-19 22:24:29', '2014-11-19 22:24:29', NULL, NULL, 7, 1),
(8, 'vendo auto', '', 'inactivo', '10000', 7, 7, '2014-11-20 14:21:40', '2014-11-20 14:21:40', NULL, NULL, 8, 1),
(9, 'vendo comedor', '<p>vendo comedor</p>\r\n', 'inactivo', '150000', 7, 3, '2014-11-20 14:23:27', '2014-11-20 14:23:27', NULL, NULL, NULL, 1),
(10, 'notebook', '<p>vendo notebook</p>\r\n', 'inactivo', '1500000', 7, 8, '2014-11-20 20:47:11', '2014-11-20 20:47:11', NULL, NULL, NULL, 1);

-- --------------------------------------------------------

--
-- Estructura de tabla para la tabla `casa`
--

CREATE TABLE IF NOT EXISTS `casa` (
  `idcasa` int(11) NOT NULL AUTO_INCREMENT,
  `comuna` varchar(45) DEFAULT NULL,
  `dormitorios` varchar(45) DEFAULT NULL,
  `superficie` varchar(45) DEFAULT NULL,
  `superficie_construida` varchar(45) DEFAULT NULL,
  `estacionamiento` varchar(45) DEFAULT NULL,
  `gastos_comunes` varchar(45) DEFAULT NULL,
  `banos` varchar(45) DEFAULT NULL,
  `tipo_edificacion` varchar(45) DEFAULT NULL,
  PRIMARY KEY (`idcasa`)
) ENGINE=InnoDB DEFAULT CHARSET=utf8 AUTO_INCREMENT=1 ;

-- --------------------------------------------------------

--
-- Estructura de tabla para la tabla `categoria`
--

CREATE TABLE IF NOT EXISTS `categoria` (
  `idcategoria` int(11) NOT NULL AUTO_INCREMENT,
  `nombre` varchar(45) DEFAULT NULL,
  `grupo_categoria_id` int(11) NOT NULL,
  PRIMARY KEY (`idcategoria`),
  KEY `fk_categoria_grupo_categoria1_idx` (`grupo_categoria_id`)
) ENGINE=InnoDB  DEFAULT CHARSET=utf8 AUTO_INCREMENT=15 ;

--
-- Volcado de datos para la tabla `categoria`
--

INSERT INTO `categoria` (`idcategoria`, `nombre`, `grupo_categoria_id`) VALUES
(1, 'Casas', 1),
(2, 'Departamentos', 1),
(3, 'Muebles', 3),
(4, 'Electrodomesticos', 3),
(5, 'Jardin y Herramientas', 3),
(7, 'Autos y Caminonetas', 2),
(8, 'Computadores y Accesorios', 4),
(9, 'Celulares, Telefonos y Accesorios', 4),
(10, 'Consolas, Video Juegos y Accesorios', 4),
(11, 'Audio, TV, Video  y Accesorios', 4),
(12, 'Fotografia y Accesorios', 4),
(13, 'Oferta de Empleo', 5),
(14, 'Busco Empleo', 5);

-- --------------------------------------------------------

--
-- Estructura de tabla para la tabla `cliente`
--

CREATE TABLE IF NOT EXISTS `cliente` (
  `usuario_id_vendedor` int(11) NOT NULL,
  `usuario_id_cliente` int(11) NOT NULL,
  `activo` varchar(45) DEFAULT NULL,
  `invitacion` varchar(45) DEFAULT NULL,
  PRIMARY KEY (`usuario_id_vendedor`,`usuario_id_cliente`),
  KEY `fk_usuario_has_usuario_usuario2_idx` (`usuario_id_cliente`),
  KEY `fk_usuario_has_usuario_usuario1_idx` (`usuario_id_vendedor`)
) ENGINE=InnoDB DEFAULT CHARSET=utf8;

-- --------------------------------------------------------

--
-- Estructura de tabla para la tabla `combustible`
--

CREATE TABLE IF NOT EXISTS `combustible` (
  `idcombustible` int(11) NOT NULL AUTO_INCREMENT,
  `nombre` varchar(45) DEFAULT NULL,
  PRIMARY KEY (`idcombustible`)
) ENGINE=InnoDB  DEFAULT CHARSET=utf8 AUTO_INCREMENT=7 ;

--
-- Volcado de datos para la tabla `combustible`
--

INSERT INTO `combustible` (`idcombustible`, `nombre`) VALUES
(1, 'Bencina'),
(2, 'Diesel'),
(3, 'Gas '),
(4, 'Hibrido'),
(5, 'Electrico'),
(6, 'Otros');

-- --------------------------------------------------------

--
-- Estructura de tabla para la tabla `empleado`
--

CREATE TABLE IF NOT EXISTS `empleado` (
  `usuario_id_empresa` int(11) NOT NULL,
  `usuario_id_empleado` int(11) NOT NULL,
  PRIMARY KEY (`usuario_id_empresa`,`usuario_id_empleado`),
  KEY `fk_usuario_has_usuario_usuario4_idx` (`usuario_id_empleado`),
  KEY `fk_usuario_has_usuario_usuario3_idx` (`usuario_id_empresa`)
) ENGINE=InnoDB DEFAULT CHARSET=utf8;

-- --------------------------------------------------------

--
-- Estructura de tabla para la tabla `empleo`
--

CREATE TABLE IF NOT EXISTS `empleo` (
  `idempleo` int(11) NOT NULL AUTO_INCREMENT,
  `administrativo` varchar(45) DEFAULT NULL,
  `comercial` varchar(45) DEFAULT NULL,
  `artes` varchar(45) DEFAULT NULL,
  `informatica` varchar(45) DEFAULT NULL,
  `salud` varchar(45) DEFAULT NULL,
  `marketing` varchar(45) DEFAULT NULL,
  `servicio_domestico` varchar(45) DEFAULT NULL,
  `construccion` varchar(45) DEFAULT NULL,
  `agricultura` varchar(45) DEFAULT NULL,
  `ganaderia` varchar(45) DEFAULT NULL,
  `telecomunicaciones` varchar(45) DEFAULT NULL,
  `atencion_cliente` varchar(45) DEFAULT NULL,
  PRIMARY KEY (`idempleo`)
) ENGINE=InnoDB DEFAULT CHARSET=utf8 AUTO_INCREMENT=1 ;

-- --------------------------------------------------------

--
-- Estructura de tabla para la tabla `grupo_categoria`
--

CREATE TABLE IF NOT EXISTS `grupo_categoria` (
  `idgrupo_categoria` int(11) NOT NULL AUTO_INCREMENT,
  `nombre` varchar(45) DEFAULT NULL,
  PRIMARY KEY (`idgrupo_categoria`)
) ENGINE=InnoDB  DEFAULT CHARSET=utf8 AUTO_INCREMENT=6 ;

--
-- Volcado de datos para la tabla `grupo_categoria`
--

INSERT INTO `grupo_categoria` (`idgrupo_categoria`, `nombre`) VALUES
(1, 'Inmuebles'),
(2, 'Vehiculos'),
(3, 'Hogar'),
(4, 'Computadores y Electronicos'),
(5, 'Servicios , Negocios y Empleo');

-- --------------------------------------------------------

--
-- Estructura de tabla para la tabla `imagen_aviso`
--

CREATE TABLE IF NOT EXISTS `imagen_aviso` (
  `idimagen` int(11) NOT NULL AUTO_INCREMENT,
  `nombre` varchar(45) DEFAULT NULL,
  `aviso_id` int(11) NOT NULL,
  PRIMARY KEY (`idimagen`),
  KEY `fk_imagen_aviso_aviso1_idx` (`aviso_id`)
) ENGINE=InnoDB DEFAULT CHARSET=utf8 AUTO_INCREMENT=1 ;

-- --------------------------------------------------------

--
-- Estructura de tabla para la tabla `marca_auto`
--

CREATE TABLE IF NOT EXISTS `marca_auto` (
  `idmarca_auto` int(11) NOT NULL AUTO_INCREMENT,
  `nombre` varchar(45) DEFAULT NULL,
  PRIMARY KEY (`idmarca_auto`)
) ENGINE=InnoDB  DEFAULT CHARSET=utf8 AUTO_INCREMENT=103 ;

--
-- Volcado de datos para la tabla `marca_auto`
--

INSERT INTO `marca_auto` (`idmarca_auto`, `nombre`) VALUES
(1, 'Acadian'),
(2, 'Acura'),
(3, 'Alfa Romeo'),
(4, 'American Motors'),
(5, 'Aro'),
(6, 'Asia Motors'),
(7, 'Aston Martin'),
(8, 'Audi'),
(9, 'Austin'),
(10, 'Autorrad'),
(11, 'Beiging'),
(12, 'Bmw'),
(13, 'BRILLIANCE'),
(14, 'Buick'),
(15, 'Byd'),
(16, 'Cadillac'),
(17, 'Changan'),
(18, 'CHANGHE'),
(19, 'Chery'),
(20, 'Chevrolet'),
(21, 'Chrysler'),
(22, 'Citroen'),
(23, 'Commer'),
(24, 'Dacia'),
(25, 'Daewoo'),
(26, 'Daihatsu'),
(27, 'Datsun'),
(28, 'Dodge'),
(29, 'Dongfeng'),
(30, 'F.S.O.'),
(31, 'Ferrari'),
(32, 'Fiat'),
(33, 'Ford'),
(34, 'Foton'),
(35, 'G.M.C.'),
(36, 'Geely'),
(37, 'Great Wall'),
(38, 'Hafei'),
(39, 'Haima'),
(40, 'Hillman'),
(41, 'Honda'),
(42, 'Hyundai'),
(43, 'INFINITI'),
(44, 'International'),
(45, 'Isuzu'),
(46, 'Jac'),
(47, 'Jaguar'),
(48, 'Jeep'),
(49, 'Jmc'),
(50, 'Kia Motors'),
(51, 'Lada'),
(52, 'Lancia'),
(53, 'Land Rover'),
(54, 'Lexus'),
(55, 'Lifan'),
(56, 'Lincoln'),
(57, 'Lotus'),
(58, 'Mahindra'),
(59, 'Maserati'),
(60, 'Mazda'),
(61, 'MCLAREN'),
(62, 'Mercedes Benz'),
(63, 'Mercury'),
(64, 'Mg'),
(65, 'Mini'),
(66, 'Mitsubishi'),
(67, 'MORGAN'),
(68, 'Morris'),
(69, 'Nissan'),
(70, 'Nsu'),
(71, 'Oldsmobile'),
(72, 'Opel'),
(73, 'Peugeot'),
(74, 'Plymouth'),
(75, 'Polski Fiat'),
(76, 'Pontiac'),
(77, 'Porsche'),
(78, 'Proton'),
(79, 'Puma'),
(80, 'Renault'),
(81, 'ROLLS ROYCE'),
(82, 'Rover'),
(83, 'Saab'),
(84, 'Saehan'),
(85, 'Samsung'),
(86, 'Seat'),
(87, 'SG'),
(88, 'Simca'),
(89, 'Skoda'),
(90, 'Sma'),
(91, 'Ssangyong'),
(92, 'Subaru'),
(93, 'Suzuki'),
(94, 'Tata'),
(95, 'Toyota'),
(96, 'Volkswagen'),
(97, 'Volvo'),
(98, 'Willys'),
(99, 'Yugo'),
(100, 'Zastava'),
(101, 'Zotye'),
(102, 'Zx');

-- --------------------------------------------------------

--
-- Estructura de tabla para la tabla `modelo_auto`
--

CREATE TABLE IF NOT EXISTS `modelo_auto` (
  `idmodelo_auto` int(11) NOT NULL AUTO_INCREMENT,
  `nombre` varchar(45) DEFAULT NULL,
  `marca_auto_id` int(11) NOT NULL,
  PRIMARY KEY (`idmodelo_auto`),
  KEY `fk_modelo_auto_marca_auto1_idx` (`marca_auto_id`)
) ENGINE=InnoDB  DEFAULT CHARSET=utf8 AUTO_INCREMENT=1470 ;

--
-- Volcado de datos para la tabla `modelo_auto`
--

INSERT INTO `modelo_auto` (`idmodelo_auto`, `nombre`, `marca_auto_id`) VALUES
(1, 'Beaumont', 1),
(2, 'Sedan', 1),
(3, '- Otro -', 1),
(4, 'Integra', 2),
(5, 'Legend', 2),
(6, '- Otro -', 2),
(7, '145', 3),
(8, '146', 3),
(9, '147', 3),
(10, '155', 3),
(11, '156', 3),
(12, '159', 3),
(13, '164', 3),
(14, '166', 3),
(15, 'Alfa 33', 3),
(16, 'Alfa 75', 3),
(17, 'Alfa Sportwagon', 3),
(18, 'ALFA33', 3),
(19, 'Alfasud', 3),
(20, 'Alfetta', 3),
(21, 'Brera', 3),
(22, 'Giulietta', 3),
(23, 'Gt', 3),
(24, 'Gtv', 3),
(25, 'Mito', 3),
(26, 'Sedan', 3),
(27, 'Spider', 3),
(28, 'Sprint', 3),
(29, '- Otro -', 3),
(30, 'Cherokee', 4),
(31, 'CJ8', 4),
(32, 'Comanche', 4),
(33, 'Hornet', 4),
(34, 'Laredo', 4),
(35, 'Pacer', 4),
(36, 'Renegade', 4),
(37, '- Otro -', 4),
(38, 'Dacia', 5),
(39, 'Standard', 5),
(40, '- Otro -', 5),
(41, 'Rocsta', 6),
(42, 'Towner', 6),
(43, '- Otro -', 6),
(44, 'Db9', 7),
(45, 'Dbs', 7),
(46, 'Rapide', 7),
(47, 'Vantage', 7),
(48, 'Virage', 7),
(49, '- Otro -', 7),
(50, '100', 8),
(51, '80', 8),
(52, '90', 8),
(53, 'A1', 8),
(54, 'A3', 8),
(55, 'A4', 8),
(56, 'A5', 8),
(57, 'A6', 8),
(58, 'A7', 8),
(59, 'A8', 8),
(60, 'Allroad', 8),
(61, 'Cabriolet', 8),
(62, 'Q3', 8),
(63, 'Q5', 8),
(64, 'Q7', 8),
(65, 'R8', 8),
(66, 'Rs3', 8),
(67, 'Rs4', 8),
(68, 'Rs5', 8),
(69, 'Rs6', 8),
(70, 'S2', 8),
(71, 'S3', 8),
(72, 'S4', 8),
(73, 'S5', 8),
(74, 'S6', 8),
(75, 'S7', 8),
(76, 'S8', 8),
(77, 'TT', 8),
(78, 'TTR', 8),
(79, 'Ttrs', 8),
(80, 'Tts', 8),
(81, 'W12', 8),
(82, '- Otro -', 8),
(83, '1100', 9),
(84, '500kg', 9),
(85, 'A40', 9),
(86, 'A7', 9),
(87, 'Allegro', 9),
(88, 'Gt', 9),
(89, 'Metro', 9),
(90, 'Mg', 9),
(91, 'Mini', 9),
(92, '- Otro -', 9),
(93, 'Century', 10),
(94, 'Outsider', 10),
(95, 'Ruda', 10),
(96, '- Otro -', 10),
(97, 'Bj', 11),
(98, '- Otro -', 11),
(99, '114', 12),
(100, '116', 12),
(101, '118', 12),
(102, '120', 12),
(103, '125', 12),
(104, '130', 12),
(105, '135', 12),
(106, '1602', 12),
(107, '2002', 12),
(108, '315', 12),
(109, '316', 12),
(110, '318', 12),
(111, '320', 12),
(112, '323', 12),
(113, '325', 12),
(114, '328', 12),
(115, '330', 12),
(116, '335', 12),
(117, '500', 12),
(118, '518', 12),
(119, '520', 12),
(120, '523', 12),
(121, '525', 12),
(122, '528', 12),
(123, '530', 12),
(124, '535', 12),
(125, '540', 12),
(126, '545', 12),
(127, '550', 12),
(128, '628', 12),
(129, '630', 12),
(130, '633', 12),
(131, '635', 12),
(132, '640', 12),
(133, '645', 12),
(134, '650', 12),
(135, '728', 12),
(136, '730', 12),
(137, '732', 12),
(138, '733', 12),
(139, '735', 12),
(140, '740', 12),
(141, '745', 12),
(142, '750', 12),
(143, '760', 12),
(144, 'Active', 12),
(145, 'M', 12),
(146, 'M135', 12),
(147, 'M3', 12),
(148, 'M5', 12),
(149, 'M5', 12),
(150, 'M6', 12),
(151, 'X1', 12),
(152, 'X3', 12),
(153, 'X5', 12),
(154, 'X6', 12),
(155, 'Z3', 12),
(156, 'Z4', 12),
(157, '- Otro -', 12),
(158, 'EUPHORIA', 13),
(159, 'Frv', 13),
(160, 'Fsv', 13),
(161, 'Splendor', 13),
(162, 'V5', 13),
(163, '- Otro -', 13),
(164, 'Apollo', 14),
(165, 'Century', 14),
(166, 'Compacto', 14),
(167, 'Gran Sport', 14),
(168, 'Le Sabre', 14),
(169, 'Regal', 14),
(170, 'Riviera', 14),
(171, 'Skyhawk', 14),
(172, 'Skylark', 14),
(173, '- Otro -', 14),
(174, 'F0', 15),
(175, 'F3', 15),
(176, 'F3-R', 15),
(177, 'G3', 15),
(178, 'NEW', 15),
(179, 'S6', 15),
(180, '- Otro -', 15),
(181, 'Calais', 16),
(182, 'De Ville', 16),
(183, 'El Dorado', 16),
(184, 'Fleetwood', 16),
(185, 'Fleetwood Brougham', 16),
(186, 'Seville', 16),
(187, '- Otro -', 16),
(188, 'Benni', 17),
(189, 'CS1', 17),
(190, 'CS35', 17),
(191, 'CV1', 17),
(192, 'Cv2', 17),
(193, 'EADO', 17),
(194, 'S100', 17),
(195, 'S200', 17),
(196, '- Otro -', 17),
(197, 'SPLA', 18),
(198, '- Otro -', 18),
(199, 'A516', 19),
(200, 'Beat', 19),
(201, 'Destiny', 19),
(202, 'Face', 19),
(203, 'Fulwin', 19),
(204, 'Iq', 19),
(205, 'S21', 19),
(206, 'Skin', 19),
(207, 'Tiggo', 19),
(208, '- Otro -', 19),
(209, 'Apache-10', 20),
(210, 'Apache-20', 20),
(211, 'Aska', 20),
(212, 'Astra', 20),
(213, 'Astro', 20),
(214, 'Avalanche', 20),
(215, 'Aveo', 20),
(216, 'B-10', 20),
(217, 'B-20', 20),
(218, 'Beauville', 20),
(219, 'Bel-Air', 20),
(220, 'Beretta', 20),
(221, 'Blazer', 20),
(222, 'Byscaine', 20),
(223, 'C-1500', 20),
(224, 'C-20', 20),
(225, 'C-30', 20),
(226, 'C10', 20),
(227, 'C100', 20),
(228, 'Camaro', 20),
(229, 'Caprice', 20),
(230, 'Captiva', 20),
(231, 'Caravan', 20),
(232, 'Cavalier', 20),
(233, 'Celebrity', 20),
(234, 'Chevelle', 20),
(235, 'Chevette', 20),
(236, 'Chevy', 20),
(237, 'Cheyenne', 20),
(238, 'Citation', 20),
(239, 'Colorado', 20),
(240, 'Comodore', 20),
(241, 'Corsa', 20),
(242, 'Corsica', 20),
(243, 'Corvair', 20),
(244, 'Corvette', 20),
(245, 'Cruze', 20),
(246, 'D-Max', 20),
(247, 'Diplomata', 20),
(248, 'El Camino', 20),
(249, 'Epica', 20),
(250, 'Equinox', 20),
(251, 'Express', 20),
(252, 'Express Passenger Van', 20),
(253, 'Gemini', 20),
(254, 'Grand Luv', 20),
(255, 'Hatch', 20),
(256, 'Impala', 20),
(257, 'Laguna', 20),
(258, 'Lumina', 20),
(259, 'Luv', 20),
(260, 'Luv D-Max', 20),
(261, 'Malibu', 20),
(262, 'Marajo', 20),
(263, 'Montana', 20),
(264, 'Montana', 20),
(265, 'Montecarlo', 20),
(266, 'Montego', 20),
(267, 'Monza', 20),
(268, 'Opala', 20),
(269, 'Optra', 20),
(270, 'Orlando', 20),
(271, 'Record Sprint', 20),
(272, 'S10', 20),
(273, 'Sail', 20),
(274, 'Silverado', 20),
(275, 'Sonic', 20),
(276, 'Spark', 20),
(277, 'Spectrum', 20),
(278, 'Suburban', 20),
(279, 'Tahoe', 20),
(280, 'TRACKER', 20),
(281, 'Trailblazer', 20),
(282, 'Traverse', 20),
(283, 'Trooper', 20),
(284, 'Uplander', 20),
(285, 'Vectra', 20),
(286, 'Vega', 20),
(287, 'Venture', 20),
(288, 'Vivant', 20),
(289, 'Zafira', 20),
(290, '- Otro -', 20),
(291, '150', 21),
(292, '300', 21),
(293, '300c', 21),
(294, 'Caravan', 21),
(295, 'Cherokee', 21),
(296, 'Cordova', 21),
(297, 'Crossfire', 21),
(298, 'Grand Caravan', 21),
(299, 'Grand Cherokee', 21),
(300, 'Grand Town Country', 21),
(301, 'Imperial', 21),
(302, 'Le Baron', 21),
(303, 'Neon', 21),
(304, 'New Caravan', 21),
(305, 'New Sebring', 21),
(306, 'Pacifica', 21),
(307, 'Pt Cruiser', 21),
(308, 'Pt Cruiser', 21),
(309, 'Sebring', 21),
(310, 'Stratus', 21),
(311, 'Town Country', 21),
(312, 'Vision', 21),
(313, 'Wrangler', 21),
(314, '- Otro -', 21),
(315, '18 HP', 22),
(316, '2cv6', 22),
(317, 'Acadyane', 22),
(318, 'Ami 8', 22),
(319, 'Ax', 22),
(320, 'AZU', 22),
(321, 'Berlingo', 22),
(322, 'Bx', 22),
(323, 'C-Azam', 22),
(324, 'C-ELYSEE', 22),
(325, 'C1', 22),
(326, 'C2', 22),
(327, 'C3', 22),
(328, 'C3 Picasso', 22),
(329, 'C4', 22),
(330, 'C4 Picasso', 22),
(331, 'C5', 22),
(332, 'C6', 22),
(333, 'Cx', 22),
(334, 'DS', 22),
(335, 'DS3', 22),
(336, 'Ds4', 22),
(337, 'Grand C4 Picasso', 22),
(338, 'Gs', 22),
(339, 'Gsa', 22),
(340, 'LNA', 22),
(341, 'Multispace', 22),
(342, 'Multispace', 22),
(343, 'Multispace', 22),
(344, 'Nemo', 22),
(345, 'Reflex', 22),
(346, 'Saxo', 22),
(347, 'Spacevan', 22),
(348, 'Visa', 22),
(349, 'Xantia', 22),
(350, 'Xm', 22),
(351, 'Xsara', 22),
(352, 'Xsara Picasso', 22),
(353, 'Yagan', 22),
(354, 'Zx', 22),
(355, '- Otro -', 22),
(356, '350 Kg', 23),
(357, '- Otro -', 23),
(358, '10.4', 24),
(359, '1304 Kg', 24),
(360, '1410', 24),
(361, '- Otro -', 24),
(362, 'Espero', 25),
(363, 'Heaven', 25),
(364, 'Korando', 25),
(365, 'Lanos', 25),
(366, 'Leganza', 25),
(367, 'Matiz', 25),
(368, 'Musso', 25),
(369, 'New Pointer', 25),
(370, 'Nexia', 25),
(371, 'Nubira', 25),
(372, 'Pointer', 25),
(373, 'Prince', 25),
(374, 'Racer', 25),
(375, 'Rezzo', 25),
(376, 'Super Salon', 25),
(377, 'Tico', 25),
(378, '- Otro -', 25),
(379, 'Applause', 26),
(380, 'Charade', 26),
(381, 'Charmant', 26),
(382, 'Copen', 26),
(383, 'Cuore', 26),
(384, 'Feroza', 26),
(385, 'Giro', 26),
(386, 'Gran Move', 26),
(387, 'Hijet', 26),
(388, 'Max Cuore', 26),
(389, 'Mira', 26),
(390, 'Rocky', 26),
(391, 'Sirion', 26),
(392, 'Super Cuore', 26),
(393, 'Taft', 26),
(394, 'Terios', 26),
(395, 'Yrv', 26),
(396, '- Otro -', 26),
(397, '100-A', 27),
(398, '120-A', 27),
(399, '120-Y', 27),
(400, '130-A', 27),
(401, '140-J', 27),
(402, '140-Y', 27),
(403, '150-Y', 27),
(404, '160-B', 27),
(405, '160-J', 27),
(406, '180-B', 27),
(407, '180-K', 27),
(408, '180-Sx', 27),
(409, '200-sx', 27),
(410, '260-C', 27),
(411, '260-Z', 27),
(412, '280-Zx', 27),
(413, '500 Kg', 27),
(414, 'B-210', 27),
(415, 'Bluebird', 27),
(416, 'C/S', 27),
(417, 'Cabina Y Media', 27),
(418, 'Cedric', 27),
(419, 'Chassis Corto', 27),
(420, 'Chassis Largo', 27),
(421, 'Con Estacas', 27),
(422, 'D/C', 27),
(423, 'King Cab', 27),
(424, 'Laurel', 27),
(425, 'Sedan', 27),
(426, 'Sunny', 27),
(427, '- Otro -', 27),
(428, '500 A', 28),
(429, 'Aries', 28),
(430, 'Aspen', 28),
(431, 'Caliber', 28),
(432, 'Challenger', 28),
(433, 'Charger', 28),
(434, 'Colt', 28),
(435, 'Coronet', 28),
(436, 'Crown', 28),
(437, 'Dakota', 28),
(438, 'Dart', 28),
(439, 'Durango', 28),
(440, 'Galant', 28),
(441, 'GRAND CARAVAN', 28),
(442, 'Journey', 28),
(443, 'Lancer', 28),
(444, 'Nitro', 28),
(445, 'Ram', 28),
(446, 'Royal', 28),
(447, 'Sedan', 28),
(448, 'Swinger', 28),
(449, 'Valiant', 28),
(450, '- Otro -', 28),
(451, 'CARGO', 29),
(452, 'Cargo Box', 29),
(453, 'DF', 29),
(454, 'H30', 29),
(455, 'JOYEAR', 29),
(456, 'Ministar', 29),
(457, 'Ministar', 29),
(458, 'Minitruck', 29),
(459, 'Minitruck', 29),
(460, 'Minitruck', 29),
(461, 'MULTIPROPOSITO', 29),
(462, 'OTING', 29),
(463, 'Refritruck', 29),
(464, 'Rich', 29),
(465, 'S30', 29),
(466, 'Succe', 29),
(467, 'Truck', 29),
(468, '- Otro -', 29),
(469, '1.500 Cc', 30),
(470, '125', 30),
(471, 'Polonez', 30),
(472, '- Otro -', 30),
(473, '458', 31),
(474, 'California', 31),
(475, 'F-360', 31),
(476, 'F-599', 31),
(477, 'F430', 31),
(478, 'F599', 31),
(479, 'Ff', 31),
(480, '- Otro -', 31),
(481, '124', 32),
(482, '125', 32),
(483, '126', 32),
(484, '128', 32),
(485, '131', 32),
(486, '132', 32),
(487, '147', 32),
(488, '600', 32),
(489, 'Argenta', 32),
(490, 'Barchetta', 32),
(491, 'Brava', 32),
(492, 'Bravo', 32),
(493, 'Cinquecento', 32),
(494, 'City', 32),
(495, 'Digit', 32),
(496, 'Doblo', 32),
(497, 'Duna', 32),
(498, 'Fiorino', 32),
(499, 'Grande Punto', 32),
(500, 'Idea', 32),
(501, 'Linea', 32),
(502, 'Marea', 32),
(503, 'Oggi', 32),
(504, 'Palio', 32),
(505, 'Panda', 32),
(506, 'Panorama', 32),
(507, 'Pick Up', 32),
(508, 'Premio', 32),
(509, 'Punto', 32),
(510, 'QUBO', 32),
(511, 'Regata', 32),
(512, 'Ritmo', 32),
(513, 'Siena', 32),
(514, 'Silver', 32),
(515, 'Spazzio', 32),
(516, 'Stilo', 32),
(517, 'Strada', 32),
(518, 'Tempra', 32),
(519, 'Tipo', 32),
(520, 'Uno', 32),
(521, 'Weekend', 32),
(522, 'X 1/9 Bertone', 32),
(523, '- Otro -', 32),
(524, '12-M', 33),
(525, '17-M', 33),
(526, '750 Kgs.', 33),
(527, 'Belina', 33),
(528, 'Bronco', 33),
(529, 'Capri', 33),
(530, 'Consul', 33),
(531, 'Contour', 33),
(532, 'Corcel', 33),
(533, 'Cortina', 33),
(534, 'Country', 33),
(535, 'Courier', 33),
(536, 'Crown Victoria', 33),
(537, 'Custom', 33),
(538, 'Del Rey', 33),
(539, 'Ecosport', 33),
(540, 'Edge', 33),
(541, 'Escape', 33),
(542, 'Escort', 33),
(543, 'Euro Escort', 33),
(544, 'EUROESCORT', 33),
(545, 'Expedition', 33),
(546, 'Explorer', 33),
(547, 'F-100', 33),
(548, 'F-1000', 33),
(549, 'F-150', 33),
(550, 'F-250', 33),
(551, 'F-350', 33),
(552, 'Fairlaine', 33),
(553, 'Fairmont', 33),
(554, 'Falcon', 33),
(555, 'Festiva', 33),
(556, 'Fiesta', 33),
(557, 'Focus', 33),
(558, 'Futura', 33),
(559, 'Galaxie', 33),
(560, 'Granada', 33),
(561, 'Heritage', 33),
(562, 'Ka', 33),
(563, 'Laser', 33),
(564, 'Ltd', 33),
(565, 'Maverick', 33),
(566, 'Mercury', 33),
(567, 'Mondeo', 33),
(568, 'Mustang', 33),
(569, 'New Escape', 33),
(570, 'New Explorer', 33),
(571, 'New Focus', 33),
(572, 'Pampa', 33),
(573, 'Pinto', 33),
(574, 'Prefect', 33),
(575, 'Probe', 33),
(576, 'Ranchera', 33),
(577, 'Ranger', 33),
(578, 'S/Modelos', 33),
(579, 'Sierra', 33),
(580, 'Taunus', 33),
(581, 'Taurus', 33),
(582, 'Telstar', 33),
(583, 'Tempo', 33),
(584, 'Thunderbird', 33),
(585, 'Torino', 33),
(586, 'U-50', 33),
(587, 'Windstar', 33),
(588, 'Zephir', 33),
(589, '- Otro -', 33),
(590, 'Sup', 34),
(591, 'TERRACOTA', 34),
(592, '- Otro -', 34),
(593, 'Blazer', 35),
(594, 'Jimmy', 35),
(595, 'Sierra', 35),
(596, 'Sprint', 35),
(597, '- Otro -', 35),
(598, '08MK', 36),
(599, 'Ck', 36),
(600, 'Ec', 36),
(601, 'EX7', 36),
(602, 'Lc', 36),
(603, 'Mk', 36),
(604, 'Sl', 36),
(605, '- Otro -', 36),
(606, 'Deer', 37),
(607, 'Florid', 37),
(608, 'Haval', 37),
(609, 'Hover', 37),
(610, 'Peri', 37),
(611, 'Safe', 37),
(612, 'Socool', 37),
(613, 'Voleex', 37),
(614, 'Wingle', 37),
(615, '- Otro -', 37),
(616, 'Lobo', 38),
(617, 'MINITRUCK', 38),
(618, 'Ruiyi', 38),
(619, '- Otro -', 38),
(620, 'Haima', 39),
(621, 'NEW', 39),
(622, '- Otro -', 39),
(623, 'Transformado', 40),
(624, '- Otro -', 40),
(625, 'Accord', 41),
(626, 'Acty', 41),
(627, 'Buggi', 41),
(628, 'City', 41),
(629, 'Civic', 41),
(630, 'Cr-V', 41),
(631, 'Fit', 41),
(632, 'Fit', 41),
(633, 'Hr-V', 41),
(634, 'Integra', 41),
(635, 'Legend', 41),
(636, 'Odyssey', 41),
(637, 'Pilot', 41),
(638, 'Prelude', 41),
(639, 'Quintet', 41),
(640, 'Ridgeline', 41),
(641, 'Stream', 41),
(642, '- Otro -', 41),
(643, 'Accent', 42),
(644, 'Atos', 42),
(645, 'Azera', 42),
(646, 'Coupe', 42),
(647, 'Elantra', 42),
(648, 'EON', 42),
(649, 'Equus', 42),
(650, 'Excel', 42),
(651, 'Galloper', 42),
(652, 'Genesis', 42),
(653, 'Getz', 42),
(654, 'H1', 42),
(655, 'I-10', 42),
(656, 'I-30', 42),
(657, 'I-40', 42),
(658, 'Matrix', 42),
(659, 'New Centennial', 42),
(660, 'Pony', 42),
(661, 'Porter', 42),
(662, 'Santa Fe', 42),
(663, 'Santamo', 42),
(664, 'Sonata', 42),
(665, 'Stellar', 42),
(666, 'Terracan', 42),
(667, 'Tucson', 42),
(668, 'Veloster', 42),
(669, 'Veracruz', 42),
(670, 'Xg', 42),
(671, '- Otro -', 42),
(672, 'Ex37', 43),
(673, 'Fx37', 43),
(674, 'G', 43),
(675, 'G25', 43),
(676, 'G37', 43),
(677, 'M37', 43),
(678, '- Otro -', 43),
(679, '1.000 Kgs.', 44),
(680, '750 Kgs.', 44),
(681, 'Corto', 44),
(682, '- Otro -', 44),
(683, 'Coupe', 45),
(684, 'Ranchera', 45),
(685, 'Sedan', 45),
(686, 'Xs', 45),
(687, '- Otro -', 45),
(688, 'A 137', 46),
(689, 'A-137', 46),
(690, 'A0', 46),
(691, 'Bclass', 46),
(692, 'Refine', 46),
(693, 'Rein', 46),
(694, 'Trip', 46),
(695, '- Otro -', 46),
(696, 'Cherokee', 48),
(697, 'Commander', 48),
(698, 'Compass', 48),
(699, 'Grand Cherokee', 48),
(700, 'Grand Cherokee', 48),
(701, 'Patriot', 48),
(702, 'Wrangler', 48),
(703, '- Otro -', 48),
(704, 'Boarding', 49),
(705, 'Carrying', 49),
(706, '- Otro -', 49),
(707, 'Avella', 50),
(708, 'Brisa', 50),
(709, 'Cadenza', 50),
(710, 'Carens', 50),
(711, 'Carnival', 50),
(712, 'Cerato', 50),
(713, 'Ceres', 50),
(714, 'Clarus', 50),
(715, 'Clarus', 50),
(716, 'FAMILY WAGON', 50),
(717, 'Frontier', 50),
(718, 'Grand', 50),
(719, 'GRAND CARNIVAL', 50),
(720, 'Joice', 50),
(721, 'K 2400', 50),
(722, 'Koup', 50),
(723, 'Magentis', 50),
(724, 'Mohave', 50),
(725, 'Morning', 50),
(726, 'Opirus', 50),
(727, 'Optima', 50),
(728, 'Pride', 50),
(729, 'QUORIS', 50),
(730, 'Retona', 50),
(731, 'Rio', 50),
(732, 'Sephia', 50),
(733, 'Sorento', 50),
(734, 'Soul', 50),
(735, 'Spectra', 50),
(736, 'Sportage', 50),
(737, 'Towner', 50),
(738, '- Otro -', 50),
(739, '2104', 51),
(740, '21043', 51),
(741, '21044', 51),
(742, '2105', 51),
(743, '21053', 51),
(744, '21060', 51),
(745, '2107', 51),
(746, '21070', 51),
(747, '21073', 51),
(748, '21074', 51),
(749, '21083', 51),
(750, '2109', 51),
(751, '21093', 51),
(752, '21099', 51),
(753, 'Cargo', 51),
(754, 'Charlotte', 51),
(755, 'Niva', 51),
(756, 'Samara', 51),
(757, 'Sedan', 51),
(758, 'Tavria', 51),
(759, '- Otro -', 51),
(760, '2104', 52),
(761, '21043', 52),
(762, '21044', 52),
(763, '2105', 52),
(764, '21053', 52),
(765, '21060', 52),
(766, '2107', 52),
(767, '21070', 52),
(768, '21073', 52),
(769, '21074', 52),
(770, '21083', 52),
(771, '2109', 52),
(772, '21093', 52),
(773, '21099', 52),
(774, 'Cargo', 52),
(775, 'Charlotte', 52),
(776, 'Niva', 52),
(777, 'Samara', 52),
(778, 'Sedan', 52),
(779, 'Tavria', 52),
(780, '- Otro -', 52),
(781, 'Corto', 53),
(782, 'Defender', 53),
(783, 'Discovery', 53),
(784, 'Evoque', 53),
(785, 'Freelander', 53),
(786, 'Largo', 53),
(787, 'Range Rover', 53),
(788, 'Santana', 53),
(789, '- Otro -', 53),
(790, 'Ct200h', 54),
(791, 'Gs300', 54),
(792, 'Gs350', 54),
(793, 'Gs460', 54),
(794, 'Is250', 54),
(795, 'Is350', 54),
(796, 'Ls460', 54),
(797, 'Ls600', 54),
(798, 'Lx570', 54),
(799, 'Rx350', 54),
(800, 'Rx450', 54),
(801, 'Sc430', 54),
(802, '- Otro -', 54),
(803, '320', 55),
(804, '520', 55),
(805, '620', 55),
(806, 'Truck', 55),
(807, 'Van', 55),
(808, 'X60', 55),
(809, '- Otro -', 55),
(810, 'Continental', 56),
(811, '- Otro -', 56),
(812, 'Elise', 57),
(813, 'Exige', 57),
(814, '- Otro -', 57),
(815, 'GENIO', 58),
(816, 'Pick Up', 58),
(817, 'Scorpio', 58),
(818, 'XUV500', 58),
(819, '- Otro -', 58),
(820, 'Coupe', 59),
(821, 'Grancabrio', 59),
(822, 'Gransport', 59),
(823, 'Granturismo', 59),
(824, 'Quattroporte', 59),
(825, 'Spyder', 59),
(826, '- Otro -', 59),
(827, '121', 60),
(828, '2', 60),
(829, '3', 60),
(830, '323', 60),
(831, '5', 60),
(832, '6', 60),
(833, '616', 60),
(834, '626', 60),
(835, '808', 60),
(836, '929', 60),
(837, 'Artis', 60),
(838, 'B 2000', 60),
(839, 'B 2200', 60),
(840, 'B 2500', 60),
(841, 'B 2600', 60),
(842, 'B 2900', 60),
(843, 'B2000', 60),
(844, 'Bt-50', 60),
(845, 'Crew', 60),
(846, 'Cx-5', 60),
(847, 'Cx-7', 60),
(848, 'Cx-9', 60),
(849, 'E1600', 60),
(850, 'E2200', 60),
(851, 'Miata', 60),
(852, 'Mpv', 60),
(853, 'Mx-5', 60),
(854, 'Mx3', 60),
(855, 'Mx5', 60),
(856, 'Mx6', 60),
(857, 'NEW', 60),
(858, 'Rx2', 60),
(859, 'Rx7', 60),
(860, 'Rx8', 60),
(861, 'Tribute', 60),
(862, '- Otro -', 60),
(863, 'Mp4-12C', 61),
(864, '- Otro -', 61),
(865, '180', 62),
(866, '190', 62),
(867, '200', 62),
(868, '206', 62),
(869, '220', 62),
(870, '230', 62),
(871, '240', 62),
(872, '250', 62),
(873, '260', 62),
(874, '280', 62),
(875, '300', 62),
(876, '307', 62),
(877, '310', 62),
(878, '320', 62),
(879, '350', 62),
(880, '380', 62),
(881, '420', 62),
(882, '450', 62),
(883, '500', 62),
(884, '560', 62),
(885, 'A', 62),
(886, 'A180', 62),
(887, 'A200', 62),
(888, 'A250', 62),
(889, 'B', 62),
(890, 'B200', 62),
(891, 'C', 62),
(892, 'C180', 62),
(893, 'C200', 62),
(894, 'C220', 62),
(895, 'C250', 62),
(896, 'C300', 62),
(897, 'C63', 62),
(898, 'Cl', 62),
(899, 'CLA180', 62),
(900, 'CLA200', 62),
(901, 'CLA220', 62),
(902, 'CLA250', 62),
(903, 'Clc', 62),
(904, 'Clk', 62),
(905, 'Cls', 62),
(906, 'E', 62),
(907, 'E200', 62),
(908, 'E220', 62),
(909, 'E240', 62),
(910, 'E250', 62),
(911, 'E300', 62),
(912, 'E350', 62),
(913, 'E500', 62),
(914, 'G', 62),
(915, 'G55', 62),
(916, 'G63', 62),
(917, 'Gl', 62),
(918, 'GL350', 62),
(919, 'GL500', 62),
(920, 'Glk', 62),
(921, 'GLK350', 62),
(922, 'Mb', 62),
(923, 'Ml', 62),
(924, 'ML500', 62),
(925, 'R', 62),
(926, 'R500', 62),
(927, 'S', 62),
(928, 'Sl', 62),
(929, 'Slk', 62),
(930, 'SLK55', 62),
(931, 'Sls', 62),
(932, 'Sprinter', 62),
(933, 'Viano', 62),
(934, '- Otro -', 62),
(935, 'Bobcat', 63),
(936, 'Capri', 63),
(937, 'Comet', 63),
(938, 'Cougar', 63),
(939, 'Grand Marquis', 63),
(940, 'Hat.', 63),
(941, 'Liftgate', 63),
(942, 'Lynx', 63),
(943, 'Marquis', 63),
(944, 'Monarch', 63),
(945, 'Montego', 63),
(946, 'Sable', 63),
(947, 'Zephir', 63),
(948, '- Otro -', 63),
(949, '350', 64),
(950, '550', 64),
(951, '6', 64),
(952, '750', 64),
(953, 'Deluxe', 64),
(954, 'Mg3', 64),
(955, 'MG5', 64),
(956, 'Tf', 64),
(957, 'Zt', 64),
(958, '- Otro -', 64),
(959, 'Clubman', 65),
(960, 'Cooper', 65),
(961, 'Countryman', 65),
(962, 'Coupe', 65),
(963, 'JCW', 65),
(964, 'John Cooper Works', 65),
(965, 'PACEMAN', 65),
(966, 'Roadster', 65),
(967, '- Otro -', 65),
(968, 'Asx', 66),
(969, 'Colt', 66),
(970, 'Eclipse', 66),
(971, 'Galant', 66),
(972, 'Galant', 66),
(973, 'I-Miev', 66),
(974, 'L100', 66),
(975, 'L200', 66),
(976, 'L300', 66),
(977, 'Lancer', 66),
(978, 'Montero', 66),
(979, 'MONTERO SPORT', 66),
(980, 'New Lancer', 66),
(981, 'New Montero', 66),
(982, 'New Outlander', 66),
(983, 'Outlander', 66),
(984, 'Sapporo', 66),
(985, 'Starion', 66),
(986, '- Otro -', 66),
(987, '4', 67),
(988, 'Plus', 67),
(989, '- Otro -', 67),
(990, 'Marina', 68),
(991, '- Otro -', 68),
(992, '180', 69),
(993, '200', 69),
(994, '240', 69),
(995, '280', 69),
(996, '300', 69),
(997, '350z', 69),
(998, '370z', 69),
(999, '500kg', 69),
(1000, 'Ad', 69),
(1001, 'Almera', 69),
(1002, 'Altima', 69),
(1003, 'Bluebird', 69),
(1004, 'C/S', 69),
(1005, 'CABINA', 69),
(1006, 'Cedric', 69),
(1007, 'Chassis Corto', 69),
(1008, 'Chassis Largo', 69),
(1009, 'Corta', 69),
(1010, 'D/C', 69),
(1011, 'D21', 69),
(1012, 'D22', 69),
(1013, 'Gxe', 69),
(1014, 'Juke', 69),
(1015, 'King Cab', 69),
(1016, 'Laurel', 69),
(1017, 'March', 69),
(1018, 'Maxima', 69),
(1019, 'Murano', 69),
(1020, 'Navara', 69),
(1021, 'New Murano', 69),
(1022, 'New Pathfinder', 69),
(1023, 'Ninja', 69),
(1024, 'NOTE', 69),
(1025, 'Pathfinder', 69),
(1026, 'Patrol', 69),
(1027, 'Platina', 69),
(1028, 'Prairie', 69),
(1029, 'Primera', 69),
(1030, 'Pulsar', 69),
(1031, 'Qashqai', 69),
(1032, 'Sentra', 69),
(1033, 'Silvia', 69),
(1034, 'Stanza', 69),
(1035, 'Sunny', 69),
(1036, 'Teana', 69),
(1037, 'Terrano', 69),
(1038, 'Tiida', 69),
(1039, 'V16', 69),
(1040, 'Versa', 69),
(1041, 'X-Trail', 69),
(1042, '- Otro -', 69),
(1043, 'Prinz', 70),
(1044, '- Otro -', 70),
(1045, '42', 71),
(1046, 'Custom Cruiser', 71),
(1047, 'Cutlass', 71),
(1048, 'Delta 88', 71),
(1049, 'Ninety-Eight', 71),
(1050, 'Omega', 71),
(1051, 'Star Fire', 71),
(1052, 'Toronado', 71),
(1053, 'Vista Cruissier', 71),
(1054, '- Otro -', 71),
(1055, 'ANTARA', 72),
(1056, 'Ascona', 72),
(1057, 'Astra', 72),
(1058, 'Calibra', 72),
(1059, 'Caravan', 72),
(1060, 'Commodore', 72),
(1061, 'Corsa', 72),
(1062, 'Insignia', 72),
(1063, 'KADDET', 72),
(1064, 'Kadett', 72),
(1065, 'Kapitan', 72),
(1066, 'Manta', 72),
(1067, 'Meriva', 72),
(1068, 'Omega', 72),
(1069, 'Rekord', 72),
(1070, 'Vectra', 72),
(1071, '- Otro -', 72),
(1072, '104', 73),
(1073, '106', 73),
(1074, '107', 73),
(1075, '204', 73),
(1076, '205', 73),
(1077, '206', 73),
(1078, '207', 73),
(1079, '208', 73),
(1080, '3008', 73),
(1081, '301', 73),
(1082, '304', 73),
(1083, '305', 73),
(1084, '306', 73),
(1085, '307', 73),
(1086, '308', 73),
(1087, '309', 73),
(1088, '4008', 73),
(1089, '404', 73),
(1090, '405', 73),
(1091, '406', 73),
(1092, '407', 73),
(1093, '5008', 73),
(1094, '504', 73),
(1095, '505', 73),
(1096, '508', 73),
(1097, '604', 73),
(1098, '605', 73),
(1099, '607', 73),
(1100, '806', 73),
(1101, 'Bipper', 73),
(1102, 'Boxer', 73),
(1103, 'Expert', 73),
(1104, 'Partner', 73),
(1105, 'Rcz', 73),
(1106, 'Tepee', 73),
(1107, '- Otro -', 73),
(1108, 'Acclaim', 74),
(1109, 'Belvedere', 74),
(1110, 'Colt-Vista', 74),
(1111, 'Duster', 74),
(1112, 'Fury', 74),
(1113, 'Grand Voyager', 74),
(1114, 'Horizon', 74),
(1115, 'Satelite', 74),
(1116, 'Valiant', 74),
(1117, 'Volare', 74),
(1118, 'Volare', 74),
(1119, '- Otro -', 74),
(1120, '125-P', 75),
(1121, 'Polones', 75),
(1122, '- Otro -', 75),
(1123, 'Astre', 76),
(1124, 'Boneville', 76),
(1125, 'Catalina', 76),
(1126, 'Coupe', 76),
(1127, 'Firebird', 76),
(1128, 'G.T.O.', 76),
(1129, 'Grand Prix', 76),
(1130, 'Le Mans', 76),
(1131, 'Phoenix', 76),
(1132, 'Sunbird', 76),
(1133, 'Tempest', 76),
(1134, 'Trans Am', 76),
(1135, 'Trans Am', 76),
(1136, 'Ventura', 76),
(1137, '- Otro -', 76),
(1138, '910', 77),
(1139, '911', 77),
(1140, '924', 77),
(1141, 'Boxster', 77),
(1142, 'Carrera', 77),
(1143, 'Cayenne', 77),
(1144, 'Cayman', 77),
(1145, 'Panamera', 77),
(1146, '- Otro -', 77),
(1147, 'Natura', 78),
(1148, 'Persona', 78),
(1149, 'Satria', 78),
(1150, '- Otro -', 78),
(1151, 'Gte', 79),
(1152, 'Gts', 79),
(1153, '- Otro -', 79),
(1154, 'Clio', 80),
(1155, 'Duster', 80),
(1156, 'Espace', 80),
(1157, 'Floride', 80),
(1158, 'Fluence', 80),
(1159, 'Fuego', 80),
(1160, 'Ika', 80),
(1161, 'Kangoo', 80),
(1162, 'Koleos', 80),
(1163, 'Laguna', 80),
(1164, 'Latitude', 80),
(1165, 'Logan', 80),
(1166, 'Megane', 80),
(1167, 'R-11', 80),
(1168, 'R-12', 80),
(1169, 'R-18', 80),
(1170, 'R-19', 80),
(1171, 'R-21', 80),
(1172, 'R-25', 80),
(1173, 'R-30', 80),
(1174, 'R-4', 80),
(1175, 'R-5', 80),
(1176, 'R-6', 80),
(1177, 'R-9', 80),
(1178, 'Safrane', 80),
(1179, 'Sandero', 80),
(1180, 'Scenic', 80),
(1181, 'Symbol', 80),
(1182, 'Twingo', 80),
(1183, '- Otro -', 80),
(1184, 'GHOST', 81),
(1185, '- Otro -', 81),
(1186, '200', 82),
(1187, '214', 82),
(1188, '216', 82),
(1189, '220', 82),
(1190, '25', 82),
(1191, '400', 82),
(1192, '414', 82),
(1193, '416', 82),
(1194, '420', 82),
(1195, '45', 82),
(1196, '620', 82),
(1197, '623', 82),
(1198, '75', 82),
(1199, '800', 82),
(1200, '825', 82),
(1201, '827', 82),
(1202, 'Mg', 82),
(1203, 'Mini', 82),
(1204, 'Se', 82),
(1205, '- Otro -', 82),
(1206, '9-3', 83),
(1207, '900', 83),
(1208, '9-7', 83),
(1209, '9-5', 83),
(1210, '9000', 83),
(1211, '- Otro -', 83),
(1212, 'Bird', 84),
(1213, 'Bird De Luxe', 84),
(1214, 'Max Pick Up', 84),
(1215, 'Royale', 84),
(1216, 'S-BIRD', 84),
(1217, '- Otro -', 84),
(1218, 'Sm3', 85),
(1219, 'Sm5', 85),
(1220, 'Sm7', 85),
(1221, 'Sq5', 85),
(1222, 'Truck', 85),
(1223, '- Otro -', 85),
(1224, '127', 86),
(1225, '131', 86),
(1226, '133', 86),
(1227, 'Alhambra', 86),
(1228, 'Alta Xl', 86),
(1229, 'Altea', 86),
(1230, 'Cordoba', 86),
(1231, 'Fura', 86),
(1232, 'Ibiza', 86),
(1233, 'Leon', 86),
(1234, 'Malaga', 86),
(1235, 'Marbella', 86),
(1236, 'Panda', 86),
(1237, 'Ritmo', 86),
(1238, 'Ronda', 86),
(1239, 'Toledo', 86),
(1240, '- Otro -', 86),
(1241, 'PLUTUS', 87),
(1242, 'STEED', 87),
(1243, '- Otro -', 87),
(1244, 'Gls', 88),
(1245, '- Otro -', 88),
(1246, '120', 89),
(1247, 'Fabia', 89),
(1248, 'Favorit', 89),
(1249, 'Felicia', 89),
(1250, 'Forman', 89),
(1251, 'Octavia', 89),
(1252, 'Pick Up', 89),
(1253, 'Roomster', 89),
(1254, 'Superb', 89),
(1255, 'Yeti', 89),
(1256, '- Otro -', 89),
(1257, 'C52', 90),
(1258, 'C61', 90),
(1259, 'C81', 90),
(1260, 'R51', 90),
(1261, 'R80', 90),
(1262, 'R81', 90),
(1263, '- Otro -', 90),
(1264, 'Actyon', 91),
(1265, 'Actyon Sport', 91),
(1266, 'Korando', 91),
(1267, 'Kyron', 91),
(1268, 'Musso', 91),
(1269, 'Rexton', 91),
(1270, 'Stavic', 91),
(1271, '- Otro -', 91),
(1272, '1.6', 92),
(1273, '1.8', 92),
(1274, '4wd', 92),
(1275, '600', 92),
(1276, '700', 92),
(1277, 'B9', 92),
(1278, 'Baja', 92),
(1279, 'BRZ', 92),
(1280, 'Coupe', 92),
(1281, 'Dl', 92),
(1282, 'Forester', 92),
(1283, 'Gl', 92),
(1284, 'Glf', 92),
(1285, 'Hardtop', 92),
(1286, 'Hatchback', 92),
(1287, 'Impreza', 92),
(1288, 'J-10', 92),
(1289, 'J-12', 92),
(1290, 'Justy', 92),
(1291, 'Legacy', 92),
(1292, 'Loyale', 92),
(1293, 'Mv', 92),
(1294, 'Outback', 92),
(1295, 'Sedan', 92),
(1296, 'STI', 92),
(1297, 'Tribeca', 92),
(1298, 'WRX', 92),
(1299, 'Xv', 92),
(1300, '- Otro -', 92),
(1301, '600 Kgs', 93),
(1302, 'Aerio', 93),
(1303, 'Alto', 93),
(1304, 'APV', 93),
(1305, 'Apv', 93),
(1306, 'APV', 93),
(1307, 'Apv', 93),
(1308, 'APV', 93),
(1309, 'Baleno', 93),
(1310, 'Carry', 93),
(1311, 'Celerio', 93),
(1312, 'Cervo', 93),
(1313, 'Forza', 93),
(1314, 'Fronte', 93),
(1315, 'Grand Nomade', 93),
(1316, 'Grand Vitara', 93),
(1317, 'Ignis', 93),
(1318, 'Jazz', 93),
(1319, 'Jimny', 93),
(1320, 'Kizashi', 93),
(1321, 'Liana', 93),
(1322, 'Lj-60', 93),
(1323, 'Lj-80', 93),
(1324, 'Maruti', 93),
(1325, 'Mastervan', 93),
(1326, 'Nomade', 93),
(1327, 'Samurai', 93),
(1328, 'Sb 308', 93),
(1329, 'Sidekick', 93),
(1330, 'Sj', 93),
(1331, 'Ss', 93),
(1332, 'Swift', 93),
(1333, 'Sx4', 93),
(1334, 'Vitara', 93),
(1335, 'Wagon', 93),
(1336, 'Xl7', 93),
(1337, '- Otro -', 93),
(1338, 'Xenon', 94),
(1339, '- Otro -', 94),
(1340, '4Runner', 95),
(1341, 'Advantage', 95),
(1342, 'Auris', 95),
(1343, 'Avensis', 95),
(1344, 'Camry', 95),
(1345, 'Carina', 95),
(1346, 'Celica', 95),
(1347, 'Corolla', 95),
(1348, 'Corona', 95),
(1349, 'Cressida', 95),
(1350, 'Crown', 95),
(1351, 'FJ', 95),
(1352, 'FJ Cruiser', 95),
(1353, 'Fortuner', 95),
(1354, 'Hilux', 95),
(1355, 'Land Cruiser', 95),
(1356, 'Lexus', 95),
(1357, 'Paseo', 95),
(1358, 'Prerunner', 95),
(1359, 'Previa', 95),
(1360, 'Prius', 95),
(1361, 'Rav4', 95),
(1362, 'Sequoia', 95),
(1363, 'Starlet', 95),
(1364, 'Stout', 95),
(1365, 'Tercel', 95),
(1366, 'Tundra', 95),
(1367, 'URBAN', 95),
(1368, 'Urban Cruiser', 95),
(1369, 'Yaris', 95),
(1370, 'Zelas', 95),
(1371, '- Otro -', 95),
(1372, '261', 96),
(1373, '262', 96),
(1374, '265', 96),
(1375, 'Amarok', 96),
(1376, 'Amazon', 96),
(1377, 'Atlantic', 96),
(1378, 'Beetle', 96),
(1379, 'Bora', 96),
(1380, 'Brasilia', 96),
(1381, 'Buggy', 96),
(1382, 'California', 96),
(1383, 'Crossfox', 96),
(1384, 'Crossover', 96),
(1385, 'Escarabajo', 96),
(1386, 'Fox', 96),
(1387, 'Gol', 96),
(1388, 'Golf', 96),
(1389, 'Jetta', 96),
(1390, 'Kargman-Ghia', 96),
(1391, 'Multivan', 96),
(1392, 'NEW', 96),
(1393, 'NUEVO', 96),
(1394, 'Panamericana', 96),
(1395, 'Parati', 96),
(1396, 'Passat', 96),
(1397, 'Polo', 96),
(1398, 'Quantum', 96),
(1399, 'Santana', 96),
(1400, 'Saveiro', 96),
(1401, 'Scirocco', 96),
(1402, 'SCIROCO', 96),
(1403, 'Sedan', 96),
(1404, 'Suran', 96),
(1405, 'T.L.', 96),
(1406, 'Tiguan', 96),
(1407, 'TL', 96),
(1408, 'Touareg', 96),
(1409, 'Variant', 96),
(1410, 'Vento', 96),
(1411, 'Voyage', 96),
(1412, '- Otro -', 96),
(1413, '142', 97),
(1414, '144', 97),
(1415, '145', 97),
(1416, '164', 97),
(1417, '240', 97),
(1418, '242', 97),
(1419, '244', 97),
(1420, '245', 97),
(1421, '262', 97),
(1422, '264', 97),
(1423, '343', 97),
(1424, '345', 97),
(1425, '360', 97),
(1426, '440', 97),
(1427, '460', 97),
(1428, '740', 97),
(1429, '745', 97),
(1430, '760', 97),
(1431, '850', 97),
(1432, '940', 97),
(1433, '960', 97),
(1434, 'C30', 97),
(1435, 'C70', 97),
(1436, 'S40', 97),
(1437, 'S60', 97),
(1438, 'S70', 97),
(1439, 'S80', 97),
(1440, 'V40', 97),
(1441, 'V50', 97),
(1442, 'V60', 97),
(1443, 'V70', 97),
(1444, 'V90', 97),
(1445, 'Xc60', 97),
(1446, 'Xc70', 97),
(1447, 'Xc90', 97),
(1448, '- Otro -', 97),
(1449, 'Wagonier', 98),
(1450, '- Otro -', 98),
(1451, '55', 99),
(1452, '65', 99),
(1453, 'Florida', 99),
(1454, 'Koral', 99),
(1455, 'Poly', 99),
(1456, 'Skala', 99),
(1457, '- Otro -', 99),
(1458, '1500', 100),
(1459, '750', 100),
(1460, 'Doble cabina', 100),
(1461, 'DOBLE-CABINA', 100),
(1462, '- Otro -', 100),
(1463, 'Hunter', 101),
(1464, '- Otro -', 101),
(1465, 'Admiral', 102),
(1466, 'GRAND', 102),
(1467, 'Grand Tiger', 102),
(1468, 'Landmark', 102),
(1469, '- Otro -', 102);

-- --------------------------------------------------------

--
-- Estructura de tabla para la tabla `pregunta`
--

CREATE TABLE IF NOT EXISTS `pregunta` (
  `idpregunta` int(11) NOT NULL AUTO_INCREMENT,
  `contenido` varchar(45) DEFAULT NULL,
  `usuario_id` int(11) NOT NULL,
  `aviso_id` int(11) NOT NULL,
  `created` varchar(45) DEFAULT NULL,
  `respuesta_id` int(11) DEFAULT NULL,
  PRIMARY KEY (`idpregunta`),
  KEY `fk_pregunta_usuario1_idx` (`usuario_id`),
  KEY `fk_pregunta_aviso1_idx` (`aviso_id`),
  KEY `fk_pregunta_respuesta1_idx` (`respuesta_id`)
) ENGINE=InnoDB DEFAULT CHARSET=utf8 AUTO_INCREMENT=1 ;

-- --------------------------------------------------------

--
-- Estructura de tabla para la tabla `respuesta`
--

CREATE TABLE IF NOT EXISTS `respuesta` (
  `idrespuesta` int(11) NOT NULL AUTO_INCREMENT,
  `contenido` varchar(45) DEFAULT NULL,
  `created` varchar(45) DEFAULT NULL,
  `usuario_id` int(11) NOT NULL,
  PRIMARY KEY (`idrespuesta`),
  KEY `fk_respuesta_usuario1_idx` (`usuario_id`)
) ENGINE=InnoDB DEFAULT CHARSET=utf8 AUTO_INCREMENT=1 ;

-- --------------------------------------------------------

--
-- Estructura de tabla para la tabla `tipo_aviso`
--

CREATE TABLE IF NOT EXISTS `tipo_aviso` (
  `idtipo_aviso` int(11) NOT NULL AUTO_INCREMENT,
  `nombre` varchar(45) DEFAULT NULL,
  PRIMARY KEY (`idtipo_aviso`)
) ENGINE=InnoDB  DEFAULT CHARSET=utf8 AUTO_INCREMENT=3 ;

--
-- Volcado de datos para la tabla `tipo_aviso`
--

INSERT INTO `tipo_aviso` (`idtipo_aviso`, `nombre`) VALUES
(1, 'Venta'),
(2, 'Trueke');

-- --------------------------------------------------------

--
-- Estructura de tabla para la tabla `tipo_cuenta`
--

CREATE TABLE IF NOT EXISTS `tipo_cuenta` (
  `idtipo_cuenta` int(11) NOT NULL AUTO_INCREMENT,
  `nombre` varchar(45) DEFAULT NULL,
  `tipo_usuario_id` int(11) NOT NULL,
  `catidad_productos` int(11) DEFAULT NULL,
  `precio` varchar(45) DEFAULT NULL,
  `analisis` tinyint(4) DEFAULT NULL,
  `descripcion` text,
  `foto` varchar(45) DEFAULT NULL,
  PRIMARY KEY (`idtipo_cuenta`),
  KEY `fk_tipo_cuenta_tipo_usuario1_idx` (`tipo_usuario_id`)
) ENGINE=InnoDB  DEFAULT CHARSET=utf8 AUTO_INCREMENT=11 ;

--
-- Volcado de datos para la tabla `tipo_cuenta`
--

INSERT INTO `tipo_cuenta` (`idtipo_cuenta`, `nombre`, `tipo_usuario_id`, `catidad_productos`, `precio`, `analisis`, `descripcion`, `foto`) VALUES
(1, 'free', 1, 4, '0', 0, '<span>cuenta con 4 publicaciones gratis</span>', NULL),
(2, 'bronce', 1, 8, '1000', 1, NULL, NULL),
(3, 'plata', 1, 12, '2000', 1, NULL, NULL),
(4, 'gold', 1, 18, '4000', 1, NULL, NULL),
(5, 'premium', 1, 25, '7000', 1, NULL, NULL),
(6, 'basico', 2, 10, '5000', 1, NULL, NULL),
(7, 'normal', 2, 20, '10000', 1, NULL, NULL),
(8, 'plata', 2, 30, '15000', 1, NULL, NULL),
(9, 'gold', 2, 40, '20000', 1, NULL, NULL),
(10, 'premium', 2, 100, '40000', 1, NULL, NULL);

-- --------------------------------------------------------

--
-- Estructura de tabla para la tabla `tipo_usuario`
--

CREATE TABLE IF NOT EXISTS `tipo_usuario` (
  `idtipo_usuario` int(11) NOT NULL AUTO_INCREMENT,
  `nombre` varchar(45) DEFAULT NULL,
  PRIMARY KEY (`idtipo_usuario`)
) ENGINE=InnoDB  DEFAULT CHARSET=utf8 AUTO_INCREMENT=3 ;

--
-- Volcado de datos para la tabla `tipo_usuario`
--

INSERT INTO `tipo_usuario` (`idtipo_usuario`, `nombre`) VALUES
(1, 'persona'),
(2, 'empresa');

-- --------------------------------------------------------

--
-- Estructura de tabla para la tabla `tipo_vehiculo`
--

CREATE TABLE IF NOT EXISTS `tipo_vehiculo` (
  `idtipo_vehiculo` int(11) NOT NULL AUTO_INCREMENT,
  `nombre` varchar(45) DEFAULT NULL,
  PRIMARY KEY (`idtipo_vehiculo`)
) ENGINE=InnoDB  DEFAULT CHARSET=utf8 AUTO_INCREMENT=6 ;

--
-- Volcado de datos para la tabla `tipo_vehiculo`
--

INSERT INTO `tipo_vehiculo` (`idtipo_vehiculo`, `nombre`) VALUES
(1, 'Automovil'),
(2, 'Camioneta'),
(3, '4x4'),
(4, 'Convertible'),
(5, 'Clasico');

-- --------------------------------------------------------

--
-- Estructura de tabla para la tabla `usuario`
--

CREATE TABLE IF NOT EXISTS `usuario` (
  `idusuario` int(11) NOT NULL AUTO_INCREMENT,
  `nombre` varchar(45) DEFAULT NULL,
  `apellidos` varchar(45) DEFAULT NULL,
  `email` varchar(45) DEFAULT NULL,
  `telefono_fijo` varchar(45) DEFAULT NULL,
  `telefono_celular` varchar(45) DEFAULT NULL,
  `user` varchar(45) DEFAULT NULL,
  `password` varchar(45) DEFAULT NULL,
  `ciudad` varchar(45) DEFAULT NULL,
  `region` varchar(45) DEFAULT NULL,
  `created` datetime DEFAULT NULL,
  `foto` varchar(45) DEFAULT NULL,
  `pagina_web` varchar(45) DEFAULT NULL,
  `tipo_usuario_id` int(11) NOT NULL,
  `tipo_cuenta_id` int(11) NOT NULL,
  PRIMARY KEY (`idusuario`),
  KEY `fk_usuario_tipo_usuario1_idx` (`tipo_usuario_id`),
  KEY `fk_usuario_tipo_cuenta1_idx` (`tipo_cuenta_id`)
) ENGINE=InnoDB  DEFAULT CHARSET=utf8 AUTO_INCREMENT=8 ;

--
-- Volcado de datos para la tabla `usuario`
--

INSERT INTO `usuario` (`idusuario`, `nombre`, `apellidos`, `email`, `telefono_fijo`, `telefono_celular`, `user`, `password`, `ciudad`, `region`, `created`, `foto`, `pagina_web`, `tipo_usuario_id`, `tipo_cuenta_id`) VALUES
(1, 'jonathan', 'encina', 'jonny.encina@gmail.com', '5599290', '55555', '5555', '5555', '55555', '5555', NULL, '55555', '5555', 1, 1),
(2, 'jonathan', 'encina', 'jonny.encina@gmail.com', '5599290', '55555', '5555', '5555', '55555', '5555', NULL, '55555', '5555', 1, 1),
(3, 'jonathan', 'encina', 'jonny.encina@gmail.com', '5599290', '55555', '5555', '6666', '55555', '5555', NULL, '55555', '5555', 1, 1),
(4, 'jonathan', 'encina', 'jonny.encina@gmail.com', '5599290', '55555', '5555', '666', '55555', '5555', '2014-11-04 20:12:59', '55555', '5555', 1, 1),
(5, 'jonathan', 'encina', 'jonny.encina@gmail.com', '5599290', '55555', '5555', '333333', '55555', '5555', '2014-11-04 20:19:44', '55555', '5555', 2, 6),
(6, 'jonathan', 'encina', 'jonny.encina@gmail.com', '5599290', '55555', '5555', '333', '55555', '5555', '2014-11-04 21:58:17', '55555', '5555', 1, 1),
(7, 'jonathan', 'encina', 'jonny.encina@gmail.com', '5599290', '55555', 'jonny', 'jonny', 'Santiago', 'Metropolitana', '2014-11-05 13:37:31', '55555', '5555', 1, 1);

-- --------------------------------------------------------

--
-- Estructura de tabla para la tabla `version_auto`
--

CREATE TABLE IF NOT EXISTS `version_auto` (
  `idversion_auto` int(11) NOT NULL AUTO_INCREMENT,
  `nombre` varchar(45) DEFAULT NULL,
  PRIMARY KEY (`idversion_auto`)
) ENGINE=InnoDB  DEFAULT CHARSET=utf8 AUTO_INCREMENT=5 ;

--
-- Volcado de datos para la tabla `version_auto`
--

INSERT INTO `version_auto` (`idversion_auto`, `nombre`) VALUES
(1, 'Basico'),
(2, 'Semi-Full'),
(3, 'Full'),
(4, 'Sport');

--
-- Restricciones para tablas volcadas
--

--
-- Filtros para la tabla `auto`
--
ALTER TABLE `auto`
  ADD CONSTRAINT `fk_auto_combustible1` FOREIGN KEY (`combustible_id`) REFERENCES `combustible` (`idcombustible`) ON DELETE NO ACTION ON UPDATE NO ACTION,
  ADD CONSTRAINT `fk_auto_marca_auto1` FOREIGN KEY (`marca_auto_id`) REFERENCES `marca_auto` (`idmarca_auto`) ON DELETE NO ACTION ON UPDATE NO ACTION,
  ADD CONSTRAINT `fk_auto_modelo_auto1` FOREIGN KEY (`modelo_auto_id`) REFERENCES `modelo_auto` (`idmodelo_auto`) ON DELETE NO ACTION ON UPDATE NO ACTION,
  ADD CONSTRAINT `fk_auto_tipo_vehiculo1` FOREIGN KEY (`tipo_vehiculo_id`) REFERENCES `tipo_vehiculo` (`idtipo_vehiculo`) ON DELETE NO ACTION ON UPDATE NO ACTION,
  ADD CONSTRAINT `fk_auto_version_auto1` FOREIGN KEY (`version_auto_id`) REFERENCES `version_auto` (`idversion_auto`) ON DELETE NO ACTION ON UPDATE NO ACTION;

--
-- Filtros para la tabla `aviso`
--
ALTER TABLE `aviso`
  ADD CONSTRAINT `fk_aviso_auto1` FOREIGN KEY (`auto_id`) REFERENCES `auto` (`idauto`) ON DELETE CASCADE ON UPDATE CASCADE,
  ADD CONSTRAINT `fk_aviso_casa1` FOREIGN KEY (`casa_id`) REFERENCES `casa` (`idcasa`) ON DELETE CASCADE ON UPDATE CASCADE,
  ADD CONSTRAINT `fk_aviso_categoria1` FOREIGN KEY (`categoria_id`) REFERENCES `categoria` (`idcategoria`) ON DELETE CASCADE ON UPDATE CASCADE,
  ADD CONSTRAINT `fk_aviso_empleo1` FOREIGN KEY (`empleo_id`) REFERENCES `empleo` (`idempleo`) ON DELETE CASCADE ON UPDATE CASCADE,
  ADD CONSTRAINT `fk_aviso_tipo_aviso1` FOREIGN KEY (`tipo_aviso_id`) REFERENCES `tipo_aviso` (`idtipo_aviso`) ON DELETE NO ACTION ON UPDATE NO ACTION,
  ADD CONSTRAINT `fk_aviso_usuario` FOREIGN KEY (`usuario_id`) REFERENCES `usuario` (`idusuario`) ON DELETE CASCADE ON UPDATE CASCADE;

--
-- Filtros para la tabla `categoria`
--
ALTER TABLE `categoria`
  ADD CONSTRAINT `fk_categoria_grupo_categoria1` FOREIGN KEY (`grupo_categoria_id`) REFERENCES `grupo_categoria` (`idgrupo_categoria`) ON DELETE NO ACTION ON UPDATE NO ACTION;

--
-- Filtros para la tabla `cliente`
--
ALTER TABLE `cliente`
  ADD CONSTRAINT `fk_usuario_has_usuario_usuario1` FOREIGN KEY (`usuario_id_vendedor`) REFERENCES `usuario` (`idusuario`) ON DELETE NO ACTION ON UPDATE NO ACTION,
  ADD CONSTRAINT `fk_usuario_has_usuario_usuario2` FOREIGN KEY (`usuario_id_cliente`) REFERENCES `usuario` (`idusuario`) ON DELETE NO ACTION ON UPDATE NO ACTION;

--
-- Filtros para la tabla `empleado`
--
ALTER TABLE `empleado`
  ADD CONSTRAINT `fk_usuario_has_usuario_usuario3` FOREIGN KEY (`usuario_id_empresa`) REFERENCES `usuario` (`idusuario`) ON DELETE NO ACTION ON UPDATE NO ACTION,
  ADD CONSTRAINT `fk_usuario_has_usuario_usuario4` FOREIGN KEY (`usuario_id_empleado`) REFERENCES `usuario` (`idusuario`) ON DELETE NO ACTION ON UPDATE NO ACTION;

--
-- Filtros para la tabla `imagen_aviso`
--
ALTER TABLE `imagen_aviso`
  ADD CONSTRAINT `fk_imagen_aviso_aviso1` FOREIGN KEY (`aviso_id`) REFERENCES `aviso` (`idaviso`) ON DELETE NO ACTION ON UPDATE NO ACTION;

--
-- Filtros para la tabla `modelo_auto`
--
ALTER TABLE `modelo_auto`
  ADD CONSTRAINT `fk_modelo_auto_marca_auto1` FOREIGN KEY (`marca_auto_id`) REFERENCES `marca_auto` (`idmarca_auto`) ON DELETE NO ACTION ON UPDATE NO ACTION;

--
-- Filtros para la tabla `pregunta`
--
ALTER TABLE `pregunta`
  ADD CONSTRAINT `fk_pregunta_aviso1` FOREIGN KEY (`aviso_id`) REFERENCES `aviso` (`idaviso`) ON DELETE CASCADE ON UPDATE CASCADE,
  ADD CONSTRAINT `fk_pregunta_respuesta1` FOREIGN KEY (`respuesta_id`) REFERENCES `respuesta` (`idrespuesta`) ON DELETE CASCADE ON UPDATE CASCADE,
  ADD CONSTRAINT `fk_pregunta_usuario1` FOREIGN KEY (`usuario_id`) REFERENCES `usuario` (`idusuario`) ON DELETE CASCADE ON UPDATE CASCADE;

--
-- Filtros para la tabla `respuesta`
--
ALTER TABLE `respuesta`
  ADD CONSTRAINT `fk_respuesta_usuario1` FOREIGN KEY (`usuario_id`) REFERENCES `usuario` (`idusuario`) ON DELETE CASCADE ON UPDATE CASCADE;

--
-- Filtros para la tabla `tipo_cuenta`
--
ALTER TABLE `tipo_cuenta`
  ADD CONSTRAINT `fk_tipo_cuenta_tipo_usuario1` FOREIGN KEY (`tipo_usuario_id`) REFERENCES `tipo_usuario` (`idtipo_usuario`) ON DELETE NO ACTION ON UPDATE NO ACTION;

--
-- Filtros para la tabla `usuario`
--
ALTER TABLE `usuario`
  ADD CONSTRAINT `fk_usuario_tipo_cuenta1` FOREIGN KEY (`tipo_cuenta_id`) REFERENCES `tipo_cuenta` (`idtipo_cuenta`) ON DELETE NO ACTION ON UPDATE NO ACTION,
  ADD CONSTRAINT `fk_usuario_tipo_usuario1` FOREIGN KEY (`tipo_usuario_id`) REFERENCES `tipo_usuario` (`idtipo_usuario`) ON DELETE NO ACTION ON UPDATE NO ACTION;

/*!40101 SET CHARACTER_SET_CLIENT=@OLD_CHARACTER_SET_CLIENT */;
/*!40101 SET CHARACTER_SET_RESULTS=@OLD_CHARACTER_SET_RESULTS */;
/*!40101 SET COLLATION_CONNECTION=@OLD_COLLATION_CONNECTION */;
